transaccion_id,monto,hora,distancia_ubicacion_km,cantidad_transacciones_dia,es_comercio_nuevo,dispositivo_nuevo,fraude
1,1129874.96,14,515.68,1,1,1,1
2,2852635.78,11,919.39,4,0,1,1
3,2198661.89,15,496.96,13,1,0,1
4,1799988.87,23,992.16,13,0,1,1
5,476495.73,18,851.42,13,1,1,1
6,476423.62,7,208.51,2,1,0,0
7,183670.0,20,930.6,9,1,1,1
8,2599866.68,16,116.37,8,0,0,0
9,1807333.89,22,817.45,7,1,1,1
10,2127137.01,4,380.62,4,1,0,1
11,71547.64,21,877.97,18,1,0,1
12,2910030.46,15,868.06,3,1,1,1
13,2499003.5,5,805.93,6,0,0,0
14,644893.94,7,790.03,12,1,1,1
15,553656.65,17,304.68,12,0,1,1
16,558379.48,11,80.92,8,1,0,0
17,919684.31,14,402.98,1,0,1,0
18,1579021.73,8,173.52,4,0,0,0
19,1301515.61,12,694.95,11,1,0,0
20,880775.13,14,346.1,3,1,0,0
21,1839440.16,9,975.61,13,0,0,0
22,427086.64,15,640.97,17,1,0,1
23,883512.5,6,822.48,10,1,0,0
24,1105421.91,16,132.52,12,1,0,0
25,1373649.25,22,862.01,15,0,0,0
26,2357676.12,20,922.76,10,1,1,1
27,607024.61,21,487.06,14,1,1,0
28,1547560.97,6,606.25,13,1,0,0
29,1781319.56,13,764.81,5,0,1,0
30,148886.73,14,174.84,6,1,1,1
31,1826559.11,20,502.57,2,0,1,0
32,519867.13,6,398.66,17,1,1,1
33,204504.26,8,146.37,4,0,1,0
34,2847167.76,18,367.53,14,1,1,1
35,2897239.78,15,68.17,10,1,0,0
36,2427108.07,7,25.81,3,0,1,0
37,920795.17,17,135.17,3,0,1,0
38,302039.62,22,963.12,15,0,1,1
39,2055856.75,17,549.53,6,1,1,1
40,1326055.96,19,965.82,17,1,0,0
41,374894.32,6,432.5,12,1,0,1
42,1490578.96,2,311.82,11,1,0,0
43,112821.68,17,506.14,4,0,0,0
44,2728868.0,9,439.51,6,1,1,0
45,783752.14,6,105.66,1,1,0,0
46,1990941.63,16,640.83,16,1,0,1
47,942016.12,13,216.04,15,1,0,0
48,1565003.38,23,619.59,17,1,0,1
49,1644663.74,2,650.2,8,1,1,0
50,562714.82,11,152.02,12,1,0,0
51,2909058.04,12,61.35,10,0,1,0
52,2327647.14,1,780.76,15,1,0,1
53,2819101.84,2,459.8,9,1,1,0
54,2685533.78,4,58.16,2,1,1,0
55,1797720.94,10,994.87,5,1,0,0
56,2766403.96,7,57.78,6,0,0,0
57,274592.58,22,695.04,7,0,0,0
58,595988.76,22,983.68,1,0,0,0
59,145229.59,11,239.18,7,0,1,0
60,982737.69,6,142.25,12,0,1,0
61,1172145.1,14,121.38,16,0,0,0
62,821333.61,23,303.28,16,1,0,1
63,2487925.15,16,101.05,11,0,1,1
64,1076692.45,3,692.16,4,0,0,0
65,849994.18,21,62.29,13,1,1,1
66,1632661.29,12,509.42,7,0,0,0
67,431363.43,17,996.7,4,1,1,0
68,2408568.97,0,813.97,15,1,1,1
69,232906.42,15,615.22,19,0,1,1
70,2960791.94,12,306.25,9,1,1,1
71,2319011.86,9,623.9,11,0,1,1
72,604159.89,11,527.04,8,0,0,0
73,26511.13,1,426.08,1,1,1,0
74,2448229.67,22,130.71,8,1,0,0
75,2123503.46,2,886.6,13,0,1,0
76,2189731.43,9,449.78,4,1,1,0
77,2316098.34,1,194.62,8,1,0,0
78,231393.51,22,367.76,3,0,0,0
79,1081812.53,12,414.13,9,0,0,0
80,356448.49,12,827.54,2,1,0,0
81,2590679.24,17,733.61,2,0,1,1
82,1873661.4,2,769.3,13,0,0,1
83,999385.09,6,11.03,15,0,1,0
84,200039.47,13,416.15,12,0,0,0
85,939837.14,19,481.34,4,0,0,0
86,982298.13,16,19.19,8,0,1,0
87,2191522.47,20,259.81,9,0,1,0
88,1916296.84,11,760.29,5,1,0,0
89,2662766.1,15,137.11,18,0,1,1
90,1421922.63,23,535.31,11,1,1,0
91,367586.8,11,215.2,15,1,1,0
92,2142601.91,14,12.12,9,1,1,0
93,2284747.3,9,241.2,17,0,1,1
94,1688218.82,6,975.87,12,0,1,0
95,2315191.87,19,801.54,7,1,1,0
96,1486448.83,4,959.58,10,0,1,0
97,1572971.16,0,487.85,10,1,0,1
98,1288347.64,16,109.74,13,0,1,0
99,86003.19,2,547.96,19,0,0,1
100,332595.37,12,454.38,11,1,1,1
101,103973.27,13,844.36,13,1,1,1
102,1912867.13,23,98.08,8,1,1,1
103,949924.38,17,488.24,8,0,1,0
104,1530626.37,3,150.05,4,1,0,0
105,2723623.76,17,324.68,15,0,0,1
106,755383.77,4,737.36,11,0,1,0
107,1237044.94,15,476.02,11,0,0,0
108,2269097.9,0,375.89,1,1,1,0
109,694106.51,20,394.48,17,1,1,0
110,240169.93,13,459.45,15,1,0,0
111,876356.84,14,785.02,6,0,0,0
112,492051.65,8,892.08,15,0,1,1
113,2789795.98,14,955.33,9,1,1,0
114,2426279.93,16,786.9,14,0,0,1
115,1903877.23,23,315.41,18,0,1,0
116,2615667.16,3,688.13,17,1,0,0
117,2412979.51,11,437.6,18,1,1,0
118,567844.48,4,254.67,5,1,1,1
119,2678751.41,4,840.87,9,0,0,0
120,1622633.3,10,38.43,11,0,0,0
121,2424246.06,5,901.76,1,0,0,0
122,2689312.99,6,461.48,18,0,1,0
123,960830.39,23,637.2,6,0,1,0
124,339055.25,13,659.35,2,1,1,0
125,691526.14,23,895.12,15,0,1,1
126,1287052.29,10,636.67,14,0,0,0
127,2455864.15,12,613.93,5,0,1,0
128,2583584.44,1,66.65,6,1,1,1
129,30786.87,6,518.41,6,1,1,1
130,1537134.43,19,150.17,18,1,0,0
131,1258058.9,3,737.43,14,0,1,1
132,674102.35,7,512.22,10,1,1,1
133,368397.45,19,680.23,14,1,0,1
134,1019469.36,21,41.67,13,1,1,0
135,2829300.01,20,84.79,3,0,1,0
136,976376.77,18,716.32,6,1,0,0
137,1561183.96,12,72.08,8,0,1,0
138,2112026.69,13,71.26,12,0,1,0
139,1097252.51,9,12.11,13,1,1,0
140,2915628.43,10,956.5,11,0,0,0
141,2887717.41,1,737.51,12,1,1,1
142,762829.06,8,353.25,1,0,1,0
143,1496773.03,16,296.54,17,1,0,0
144,909626.15,2,349.7,16,1,0,1
145,861673.08,23,774.65,11,1,1,1
146,120291.97,5,661.37,13,0,1,0
147,1832597.36,4,185.2,18,1,1,1
148,1513010.28,4,174.11,11,0,1,0
149,163921.47,21,98.4,12,1,0,0
150,843152.93,14,660.3,6,0,1,0
151,2725715.0,22,764.37,9,0,0,0
152,726290.05,16,265.05,16,1,0,0
153,443235.67,8,20.94,4,1,1,0
154,1473463.75,2,82.17,3,1,1,1
155,2957094.86,19,967.86,16,1,0,0
156,733745.26,16,295.44,12,1,0,0
157,2019685.29,9,769.22,11,0,1,1
158,2287242.65,2,624.66,5,1,0,1
159,720536.26,17,381.94,18,1,1,1
160,2187366.88,17,205.69,19,0,1,0
161,1109671.57,16,121.39,6,1,0,0
162,1900594.43,23,615.01,18,1,0,1
163,1904253.84,2,774.63,6,0,1,1
164,1611966.31,2,643.9,4,1,0,1
165,279966.41,5,530.3,12,1,1,1
166,2507554.46,12,41.95,19,1,1,0
167,969132.39,23,968.49,2,0,1,0
168,567690.35,14,798.71,17,1,0,1
169,131917.67,8,292.82,11,0,1,0
170,1776769.9,3,979.97,11,1,1,0
171,2035917.44,13,601.88,16,0,1,1
172,59597.61,4,582.42,2,1,1,1
173,1541158.24,1,748.07,2,0,1,0
174,687222.37,10,811.77,8,0,1,0
175,1939066.64,8,656.48,13,0,1,1
176,531355.62,23,128.1,10,0,1,0
177,2075903.84,2,338.27,8,0,1,0
178,1166338.69,8,928.08,4,0,1,0
179,2810822.67,2,224.62,15,1,1,0
180,421187.62,1,372.17,1,1,0,1
181,1029788.39,11,432.08,11,0,1,1
182,349285.83,9,439.4,7,0,1,0
183,2774833.92,8,612.94,17,0,1,1
184,2633244.67,14,943.08,18,0,0,0
185,781245.47,7,240.69,12,1,1,1
186,1983352.3,4,121.5,9,0,0,0
187,2453494.38,10,197.47,5,1,1,1
188,1670050.43,1,886.92,10,1,1,0
189,1593655.23,23,645.81,4,0,0,0
190,733138.35,14,285.91,5,0,1,0
191,288377.28,5,815.95,10,1,0,0
192,2692675.12,7,861.37,11,1,0,1
193,2702249.99,4,846.51,10,0,1,1
194,1902973.36,15,918.93,8,0,1,1
195,1023699.08,17,252.24,2,0,1,0
196,1054136.63,5,755.04,8,1,1,1
197,2180607.48,4,460.54,16,1,0,0
198,2692359.68,15,842.0,5,0,0,0
199,2662388.41,12,728.49,3,1,1,0
200,2341827.88,4,776.45,12,1,0,1
201,1929674.62,12,656.16,13,0,0,1
202,261578.5,16,177.43,13,0,1,0
203,493269.86,17,545.03,10,1,0,0
204,2696677.02,7,984.67,4,1,0,0
205,1823222.89,12,937.39,9,0,1,1
206,37499.18,18,43.17,2,0,0,0
207,313399.91,2,164.81,19,0,1,1
208,1993870.29,23,131.73,1,0,0,0
209,25134.14,7,725.98,7,0,1,0
210,490816.07,1,817.79,17,1,0,1
211,1650714.03,7,213.51,3,1,0,0
212,2078766.64,12,505.85,3,1,1,1
213,1959364.17,12,840.7,3,1,1,1
214,680565.24,0,732.8,17,0,1,0
215,2139415.87,5,542.24,7,0,1,1
216,719374.77,23,590.35,14,0,0,0
217,982945.1,18,508.36,17,1,0,1
218,2242009.3,15,297.55,18,1,0,1
219,1952402.37,7,565.02,13,1,1,1
220,2549178.0,0,688.89,18,0,0,0
221,1976262.55,15,873.32,4,1,0,1
222,1709242.72,8,636.29,1,0,1,1
223,290087.56,12,761.12,18,0,1,0
224,1109470.25,10,160.07,1,0,0,0
225,802955.08,12,461.56,13,0,1,0
226,739529.03,20,9.33,10,0,0,0
227,2919301.56,9,246.68,11,0,0,0
228,1185362.2,3,726.46,9,1,1,0
229,2677219.2,5,991.81,9,0,0,0
230,1897104.49,6,99.18,5,0,1,1
231,2386485.8,4,401.49,1,1,1,1
232,1512884.91,10,800.07,17,0,0,0
233,1734942.62,12,204.04,2,1,0,0
234,1482627.9,18,555.08,13,1,0,1
235,593776.53,22,733.07,9,1,1,1
236,2170131.82,9,615.99,4,0,0,1
237,849509.36,9,188.02,5,0,1,0
238,82704.74,10,355.38,11,1,1,1
239,1939962.16,20,783.79,19,0,0,0
240,539560.93,6,554.23,3,0,1,0
241,2821971.17,17,5.23,12,1,0,1
242,2862246.45,3,760.99,19,1,0,1
243,2745444.53,1,35.31,19,0,0,1
244,1116774.51,13,745.73,13,1,0,0
245,56215.28,12,202.48,7,1,0,0
246,2785672.5,11,958.07,15,1,0,0
247,1290270.6,6,367.94,7,0,0,0
248,2900297.91,1,326.93,8,0,1,1
249,2891223.73,12,148.89,5,0,0,0
250,2560498.27,13,305.6,14,1,1,1
251,890402.19,16,876.65,4,0,1,0
252,1161442.21,8,996.33,10,1,1,1
253,2554898.65,16,368.31,15,0,0,1
254,957596.8,7,448.61,18,0,1,1
255,516783.31,1,722.07,13,1,1,1
256,1674835.77,23,886.2,8,0,0,0
257,2809102.77,12,593.04,9,1,0,0
258,2091129.09,2,391.53,16,0,1,0
259,1714482.9,15,412.62,19,0,0,1
260,300557.72,5,695.62,16,1,0,1
261,1848871.61,18,3.22,7,1,0,0
262,2970261.01,6,619.59,14,1,0,0
263,428851.21,9,355.49,14,0,1,1
264,1559805.66,8,794.2,4,0,0,0
265,2633345.49,1,92.99,15,0,0,1
266,2224898.17,14,588.2,3,1,0,1
267,2094077.07,4,480.97,5,1,1,1
268,2110427.41,21,642.33,1,1,1,0
269,1084878.54,3,64.85,3,0,0,0
270,887839.61,19,579.98,15,0,0,0
271,2429989.85,3,561.48,8,1,1,1
272,2432239.05,17,560.66,4,0,0,0
273,2602546.23,3,603.49,2,1,0,0
274,2740589.25,16,676.47,10,0,1,1
275,1538913.77,11,804.99,4,0,0,0
276,1509533.72,21,269.82,3,1,0,0
277,2396902.59,16,825.05,2,0,1,1
278,1953392.15,9,498.26,17,0,1,0
279,2108880.96,21,77.06,13,1,0,1
280,2389420.08,0,58.55,5,1,1,0
281,2671115.97,21,334.24,9,0,0,0
282,1020605.52,23,784.9,6,1,0,0
283,1132993.03,17,707.68,5,0,0,0
284,291006.0,17,788.61,10,1,1,1
285,1739057.62,13,517.27,8,0,1,0
286,117467.4,14,440.2,7,0,0,0
287,1402138.07,11,147.45,7,1,0,0
288,1632507.46,3,328.19,6,0,1,0
289,866758.34,2,434.02,3,0,1,0
290,1776591.45,19,88.6,19,1,1,1
291,101195.75,11,220.61,15,1,0,0
292,121671.08,6,598.23,4,0,1,0
293,2469575.68,10,735.66,12,1,1,1
294,1086970.02,0,998.35,6,1,0,1
295,389910.93,5,933.11,19,0,0,0
296,1571507.35,14,642.57,4,0,0,0
297,2312280.72,14,421.25,15,1,1,0
298,655304.87,18,636.18,9,1,0,0
299,1872442.52,10,785.65,5,1,0,1
300,265188.92,22,118.34,13,0,0,0
301,164528.35,1,409.9,18,0,0,0
302,1598750.35,13,839.8,5,0,1,0
303,1626499.01,1,383.83,16,0,0,1
304,1915915.41,3,571.87,19,0,1,1
305,2181013.09,16,587.77,14,0,1,1
306,2927797.72,2,184.48,16,0,1,1
307,1553738.04,12,362.24,15,1,0,1
308,975639.85,8,334.51,4,1,1,1
309,2387606.72,6,26.2,7,0,0,0
310,819788.43,14,24.19,16,0,0,0
311,1322524.55,22,831.7,8,0,0,0
312,244584.58,10,273.07,17,1,1,0
313,85798.72,19,518.08,16,0,0,0
314,2888318.76,1,298.73,10,1,0,1
315,2509580.56,14,940.68,10,1,0,1
316,2090962.88,13,259.3,2,1,1,1
317,1232769.3,19,429.66,9,1,1,0
318,528150.02,21,872.73,17,1,1,1
319,477746.76,10,841.93,11,0,0,0
320,758226.27,2,186.1,10,0,1,0
321,1652187.73,16,802.64,17,1,0,0
322,2146641.81,11,458.19,4,0,0,0
323,1983990.16,23,482.97,16,1,1,0
324,847002.35,20,133.48,15,1,0,0
325,2865047.19,14,80.6,5,0,1,0
326,2216311.78,15,727.94,6,0,0,0
327,1667518.62,4,496.46,17,0,1,1
328,1839045.03,19,436.85,1,0,0,0
329,1264604.19,5,729.51,19,0,0,0
330,750715.66,18,765.51,4,1,0,0
331,1074358.31,4,158.91,17,0,0,0
332,2275959.87,2,610.23,9,0,0,0
333,53036.53,0,135.35,2,0,1,0
334,357057.2,5,751.38,8,1,0,0
335,147547.9,14,656.96,15,0,1,1
336,131779.12,1,956.61,7,1,1,1
337,2567827.15,2,68.96,6,0,1,1
338,2113937.0,16,57.05,1,0,0,0
339,1427779.75,23,282.19,15,1,0,0
340,302524.14,11,261.71,7,0,0,0
341,1479931.47,17,246.98,17,0,1,0
342,1425680.59,14,906.25,2,1,0,0
343,527873.59,11,249.55,9,0,0,0
344,1307216.43,15,271.95,9,1,1,0
345,1201529.16,7,759.4,13,1,1,1
346,1851391.79,13,449.74,6,1,1,1
347,1908930.02,16,776.71,6,1,1,1
348,145458.99,20,65.37,3,1,1,0
349,1130091.72,7,487.57,17,0,1,1
350,1881321.15,14,33.61,17,0,0,0
351,1514377.41,13,62.65,12,0,1,1
352,2570904.63,17,906.44,16,1,0,1
353,1979493.96,19,139.25,15,1,0,0
354,497173.94,6,532.42,13,1,0,1
355,221000.55,2,411.1,1,1,1,1
356,1930833.64,11,347.34,17,0,0,0
357,89268.82,20,899.83,3,0,1,0
358,1761468.99,23,21.82,15,1,1,0
359,2821288.42,2,663.79,4,1,0,1
360,1730667.79,19,963.39,4,0,1,0
361,1170628.08,13,560.17,18,1,0,1
362,1933431.77,14,936.82,17,1,0,1
363,1380176.14,13,52.26,19,1,1,1
364,1641394.2,6,418.79,11,0,0,1
365,2824979.78,16,260.16,3,0,0,0
366,1164446.89,11,730.82,8,1,0,0
367,2883959.79,19,981.3,14,0,1,1
368,2716998.42,3,256.53,1,1,0,1
369,595415.49,8,654.17,14,1,1,1
370,217390.29,5,198.1,2,0,1,0
371,311326.22,15,565.33,4,1,0,0
372,64483.26,21,463.93,19,1,0,1
373,292384.45,21,972.01,6,0,1,0
374,2052190.25,20,608.53,1,1,1,1
375,222854.06,20,349.51,17,1,0,0
376,963737.13,1,114.1,8,1,0,0
377,2536177.18,23,151.25,19,0,1,0
378,79583.09,7,225.32,1,1,1,0
379,2445260.76,10,250.97,5,0,1,0
380,852745.78,12,850.62,16,1,1,1
381,363312.83,16,561.22,6,1,1,0
382,2093244.12,7,523.39,8,1,0,1
383,1890539.11,20,114.77,13,1,1,1
384,2633641.32,17,860.14,16,0,1,1
385,2207862.42,17,722.81,3,0,0,0
386,2412407.98,13,67.67,19,1,0,0
387,853283.37,14,707.84,12,1,1,1
388,540544.24,5,543.54,16,1,1,1
389,2254338.11,10,81.73,11,1,0,0
390,2422435.87,12,458.3,10,1,1,1
391,2971610.37,0,484.7,4,1,1,0
392,1243726.85,5,165.77,12,1,0,0
393,1122334.08,8,945.7,2,1,1,1
394,2331474.75,7,849.98,19,0,0,0
395,1029002.59,10,669.02,5,0,0,0
396,2792964.4,21,462.3,8,0,0,0
397,2576654.13,18,411.77,7,1,0,1
398,1292692.14,23,650.97,14,1,1,1
399,2255104.49,8,545.43,3,1,0,0
400,2266083.19,16,62.27,18,0,1,0
401,318340.37,11,512.5,16,1,1,1
402,2708633.19,13,806.4,19,0,1,1
403,1520704.59,14,459.24,19,1,1,0
404,2481107.82,15,51.96,18,0,1,1
405,966948.31,21,786.28,16,0,0,0
406,2687614.45,21,201.36,8,0,0,0
407,1173713.02,19,258.62,1,1,0,0
408,42404.58,0,164.71,17,0,0,0
409,2717092.11,9,330.22,12,1,1,0
410,282947.16,7,756.75,11,1,0,0
411,964747.78,17,519.39,5,1,1,1
412,2850685.28,0,204.88,12,1,1,1
413,2852315.37,1,877.83,17,1,0,0
414,1724579.29,0,879.58,6,0,0,1
415,1899193.26,0,870.58,1,1,0,0
416,1350852.11,8,238.8,5,1,0,0
417,886700.21,12,451.24,14,1,1,1
418,992706.99,0,984.99,5,1,1,0
419,2020830.18,12,772.01,1,1,0,0
420,2259599.84,19,27.17,18,0,1,0
421,2376821.34,21,65.2,16,0,1,1
422,2370958.25,6,463.93,9,1,1,1
423,282706.25,1,909.22,19,0,0,1
424,1488316.71,5,538.7,5,0,1,0
425,182100.69,6,497.81,2,1,0,0
426,1653091.36,13,105.47,15,0,0,0
427,1330176.2,17,656.78,7,1,1,1
428,2664235.51,14,822.1,4,0,1,1
429,1059235.89,1,380.42,1,0,0,0
430,360030.38,9,775.61,13,0,1,0
431,437545.13,22,964.48,7,1,1,1
432,2286916.79,11,203.77,15,0,0,0
433,1858472.01,16,523.33,14,0,0,1
434,312356.8,7,287.14,19,1,0,0
435,261479.35,10,792.85,18,1,0,1
436,2105897.7,2,577.59,10,0,1,1
437,227561.39,5,634.58,9,1,1,0
438,2467361.58,8,797.91,8,0,0,0
439,2121664.26,5,395.97,10,0,0,0
440,253232.85,8,915.09,17,1,0,1
441,263664.77,6,533.03,2,1,1,1
442,2960052.34,8,157.95,6,1,0,0
443,1129069.68,17,695.9,5,0,1,0
444,1118220.02,11,793.26,9,1,0,0
445,2440270.71,7,316.76,5,0,0,0
446,2842273.25,7,857.18,18,1,0,1
447,2958143.18,17,906.14,9,0,1,1
448,2262600.77,19,276.9,17,1,1,1
449,1135016.16,14,983.52,17,0,1,1
450,259667.14,6,140.71,12,1,0,0
451,2333669.28,10,202.02,7,0,1,1
452,1679628.71,19,184.22,3,1,1,1
453,1278423.81,15,893.99,10,1,0,0
454,2719999.61,3,654.29,2,0,0,0
455,342480.47,5,152.1,3,1,1,0
456,1482949.06,21,440.32,16,0,1,1
457,43947.4,2,615.3,2,0,1,0
458,1411295.32,8,83.46,10,1,1,0
459,178346.79,9,882.42,6,0,0,0
460,365265.57,13,803.6,11,1,0,0
461,361403.48,10,505.21,7,1,0,1
462,1951138.8,17,967.13,15,0,1,1
463,2240674.19,21,417.76,6,1,1,1
464,1754272.61,11,984.11,9,0,0,0
465,2886895.92,22,667.92,12,0,0,1
466,1130863.03,11,634.67,19,1,1,0
467,864279.14,12,165.95,3,1,1,0
468,2607111.39,12,881.93,15,0,0,1
469,678551.56,18,427.49,2,0,0,0
470,2890035.39,18,162.23,2,1,0,0
471,46341.88,22,12.61,3,1,1,0
472,2909937.69,13,559.76,6,1,1,1
473,139048.14,3,527.4,15,1,1,0
474,2674517.91,12,719.35,10,0,1,1
475,1587826.32,7,890.26,9,1,1,0
476,2978964.74,22,79.41,1,0,1,0
477,230651.73,20,731.5,16,0,0,0
478,1666024.31,22,187.41,6,1,0,0
479,2908214.58,18,858.18,9,0,1,1
480,1574062.55,11,819.06,4,1,0,1
481,1891901.93,17,540.79,2,0,1,1
482,2090288.58,5,710.24,4,1,0,0
483,1369077.78,17,314.35,1,0,1,0
484,1886398.66,18,471.17,19,0,0,1
485,1757099.79,21,821.64,10,1,0,1
486,2704462.45,4,459.27,15,1,1,1
487,145884.68,23,357.8,19,0,1,1
488,850079.94,8,494.21,16,0,0,0
489,2851730.34,2,828.25,4,1,0,1
490,2671888.71,9,335.21,2,0,1,0
491,1372413.69,18,173.76,13,1,0,0
492,1864196.47,2,712.01,1,0,1,1
493,839369.74,21,825.98,17,1,1,0
494,572482.27,14,100.64,13,0,0,0
495,1396458.23,0,239.87,4,1,1,0
496,1066523.16,6,141.97,7,1,0,0
497,1755131.77,11,347.94,17,0,0,1
498,242426.56,16,450.35,9,1,1,1
499,2923440.47,20,748.83,4,0,0,0
500,2958770.13,23,651.15,19,1,1,1
501,2097503.52,19,620.93,1,1,1,1
502,1612928.14,4,352.37,10,1,1,1
503,935487.57,3,841.45,4,0,0,0
504,2443247.11,11,471.29,9,1,1,1
505,2057346.21,19,979.1,13,0,0,1
506,496224.65,23,634.14,14,1,1,1
507,2733672.28,17,126.26,10,0,1,0
508,2469386.36,16,676.18,6,0,1,0
509,2849901.74,18,325.1,16,0,0,0
510,2179901.33,8,686.33,6,1,0,0
511,1844111.44,3,69.64,17,0,1,0
512,1260546.68,20,174.88,10,1,1,0
513,2798858.17,1,855.74,18,0,0,1
514,2599531.03,3,227.18,18,0,0,0
515,145203.82,1,837.04,3,0,0,0
516,88837.25,14,279.28,15,0,1,0
517,1135625.47,1,642.88,15,1,0,1
518,2433554.46,3,694.15,4,0,1,1
519,2961955.63,5,512.65,9,0,0,0
520,459746.5,6,305.31,19,1,1,1
521,1786450.84,9,212.64,17,0,1,1
522,1148863.66,18,33.19,11,0,1,0
523,2910044.05,18,303.95,9,0,0,0
524,2527935.58,21,653.16,10,0,0,0
525,2516602.83,11,938.3,18,1,0,1
526,1411392.55,2,871.2,13,1,1,0
527,1250310.31,12,766.06,8,0,1,0
528,827487.15,17,788.45,7,1,0,0
529,178562.73,7,664.98,17,1,1,1
530,2595519.91,20,260.29,15,0,1,1
531,2440574.02,14,907.2,15,1,1,0
532,2999155.84,0,670.73,1,0,0,0
533,2989944.14,2,560.44,14,1,1,1
534,1670740.8,7,110.99,5,1,0,0
535,2309272.37,3,447.06,11,1,0,0
536,2834849.53,15,460.36,16,0,0,1
537,2550445.7,22,864.56,2,1,0,1
538,749570.82,9,546.65,8,0,0,0
539,1357126.96,11,380.4,11,0,1,0
540,396186.65,13,976.8,18,1,0,1
541,2862612.57,13,110.72,3,0,0,0
542,1822462.16,1,422.55,1,1,0,0
543,693641.99,22,42.02,11,0,1,0
544,2018385.05,4,739.9,16,0,1,1
545,1858203.44,4,918.08,18,1,1,0
546,1080906.53,5,280.04,16,1,1,1
547,349537.2,12,858.34,10,1,0,0
548,2018003.85,8,292.22,18,1,0,1
549,1565720.03,21,910.77,6,0,1,1
550,2319231.99,14,753.96,19,0,1,1
551,1565288.87,13,804.91,4,0,1,1
552,2558022.69,23,18.01,13,1,1,1
553,1660201.45,6,962.81,14,0,0,0
554,1687204.53,19,726.67,3,1,1,1
555,2631194.27,1,304.75,10,0,1,1
556,1216413.77,6,829.39,6,1,1,1
557,410705.53,5,281.52,1,0,1,0
558,96060.2,16,872.75,14,0,1,1
559,2267860.39,1,112.58,8,1,1,1
560,1864725.56,2,703.69,19,0,1,1
561,2115198.51,4,540.7,14,1,0,1
562,646762.84,4,96.53,10,0,0,0
563,417750.71,0,241.89,17,0,0,0
564,53488.55,7,12.4,9,1,0,0
565,1058256.8,11,468.77,6,1,0,0
566,1773853.88,23,301.27,11,0,0,1
567,1182809.69,3,598.36,7,0,1,0
568,1318050.02,12,297.24,17,0,1,0
569,2713434.5,22,299.92,1,0,0,0
570,1051283.85,14,743.19,5,0,1,0
571,1546828.57,10,48.14,9,0,0,0
572,2353122.51,9,902.89,18,1,1,1
573,1195662.92,2,852.26,2,1,1,1
574,1870039.23,21,667.8,11,1,1,1
575,2588467.49,13,593.22,6,0,1,1
576,2849066.66,15,892.3,8,0,1,1
577,449749.71,9,185.33,4,0,1,0
578,2780497.0,9,78.97,18,1,0,1
579,1481427.72,11,239.51,11,1,0,0
580,782150.72,8,794.58,5,0,1,0
581,1382815.91,0,34.67,15,0,0,1
582,2940297.4,4,582.81,18,1,1,0
583,1482928.1,19,995.44,2,1,0,0
584,992967.31,7,855.7,11,1,1,0
585,1903868.55,10,521.45,13,0,0,1
586,728035.4,11,63.64,4,0,1,0
587,236831.35,0,831.37,7,0,0,0
588,395350.37,21,598.98,11,1,1,1
589,392857.06,19,114.93,4,1,0,0
590,464189.05,10,93.86,15,0,1,0
591,425093.25,4,909.63,1,0,1,1
592,1926215.49,14,669.2,3,1,1,0
593,553821.45,4,829.29,14,0,0,1
594,1043545.18,11,878.98,6,1,0,0
595,2691397.35,4,571.77,18,1,0,0
596,1427145.3,16,517.45,1,0,1,0
597,2005997.64,16,430.43,6,1,0,1
598,525236.41,23,316.95,6,0,1,0
599,584944.17,11,434.6,16,1,0,1
600,132197.16,23,773.88,5,1,0,0
601,515115.84,14,601.92,17,0,0,0
602,842985.11,14,892.52,10,1,0,0
603,539261.35,5,443.38,18,0,1,1
604,275220.58,11,607.09,7,0,0,0
605,370701.25,19,631.31,3,1,0,0
606,1387728.52,17,591.7,13,0,1,1
607,626937.82,13,702.63,15,0,1,1
608,1099166.88,1,237.43,19,0,0,0
609,1515217.64,8,512.36,3,0,0,0
610,2074280.54,4,104.22,4,0,1,0
611,127543.3,19,384.51,5,0,1,0
612,2400237.09,0,487.67,1,1,1,1
613,1887422.16,22,652.22,4,0,0,0
614,254459.51,2,950.53,12,1,0,0
615,2622000.09,5,600.65,10,1,0,1
616,2763408.48,4,743.59,13,0,1,0
617,192623.1,20,506.27,14,1,1,1
618,837864.17,4,634.1,5,1,1,0
619,2420541.83,0,70.93,4,0,0,0
620,2247296.47,16,254.39,14,0,1,1
621,561717.85,18,361.85,10,0,0,0
622,635954.48,13,472.49,17,1,1,1
623,1117711.59,11,45.65,10,1,0,0
624,1458723.73,9,140.02,7,0,0,0
625,1858581.77,19,276.81,16,0,1,0
626,1113051.78,20,971.53,1,1,0,0
627,1392978.8,17,331.35,17,1,1,1
628,2244938.11,23,482.04,9,1,0,0
629,119682.78,10,196.1,6,1,1,0
630,764786.46,1,610.78,19,0,1,1
631,2142915.26,17,280.68,13,1,0,1
632,2686668.44,6,206.99,3,1,1,1
633,1539915.55,23,516.57,7,1,0,1
634,1601019.32,14,5.51,9,1,1,1
635,330444.31,10,7.66,5,0,1,0
636,1347762.98,17,219.07,10,0,1,1
637,1602525.63,22,36.72,17,1,1,1
638,734986.81,11,108.03,12,1,0,0
639,815037.26,5,338.86,16,0,1,1
640,1138079.65,19,802.59,3,0,1,0
641,70012.88,22,572.05,9,1,0,0
642,973016.71,12,512.67,15,1,0,1
643,642229.54,19,293.49,5,0,0,0
644,989217.08,15,931.75,13,0,0,0
645,368088.77,17,397.02,14,0,0,0
646,2672676.57,9,87.09,15,0,0,0
647,1784841.44,22,617.07,16,0,1,0
648,2040515.93,7,113.84,13,0,0,0
649,2369622.0,17,345.22,17,1,1,1
650,1500342.17,20,507.41,8,0,0,0
651,269891.66,0,874.22,2,0,1,1
652,1615948.56,22,493.55,5,0,1,0
653,1764654.94,7,702.26,6,0,1,1
654,2238864.03,5,992.82,12,1,0,0
655,1300662.04,4,131.49,18,1,0,0
656,391465.11,14,274.73,1,0,0,0
657,858489.96,21,394.58,17,1,0,0
658,1095616.07,14,421.83,11,1,1,1
659,1941292.55,1,411.02,10,1,0,0
660,1716627.13,0,907.61,19,1,1,1
661,1074729.21,22,714.03,14,1,1,1
662,2959680.59,22,607.91,10,1,0,0
663,1821266.71,10,309.37,15,0,0,0
664,719308.11,9,823.79,19,0,0,0
665,314329.59,17,955.06,4,0,1,0
666,467048.83,17,821.2,2,0,0,0
667,745413.61,16,1.57,9,0,1,0
668,490437.31,7,636.4,10,1,0,0
669,567835.4,14,51.14,11,0,1,0
670,862434.55,7,257.61,14,0,0,0
671,528387.05,16,59.52,7,1,0,0
672,2691328.62,11,603.8,15,1,1,0
673,249898.9,7,686.59,19,0,0,0
674,1578289.05,13,114.49,15,1,0,0
675,1237086.51,3,383.84,8,1,0,0
676,2947312.06,0,456.24,11,1,0,1
677,344996.32,0,369.05,9,1,0,0
678,1199588.24,18,121.03,15,0,0,0
679,2908716.6,15,418.95,1,1,0,0
680,2597866.31,13,751.18,1,0,1,1
681,2453045.49,20,71.01,19,0,1,0
682,781129.45,15,80.18,3,1,0,0
683,520953.89,4,354.77,10,1,0,1
684,2009243.23,8,941.73,8,1,0,0
685,2788834.21,1,668.57,15,0,1,1
686,1674721.05,17,678.67,10,1,1,1
687,1719121.94,5,361.92,1,1,0,1
688,847137.49,8,593.66,18,1,1,0
689,2310783.87,0,10.13,2,1,0,1
690,569260.81,8,636.1,19,1,0,1
691,977800.92,15,913.29,13,0,0,0
692,1282054.95,12,612.57,1,1,0,0
693,1527755.03,8,873.7,2,1,1,1
694,734805.1,20,723.97,16,1,1,1
695,353362.11,12,120.56,15,0,0,0
696,1835753.93,8,902.45,13,1,1,1
697,873005.35,10,66.44,16,0,1,0
698,1747902.28,3,533.97,17,0,0,0
699,471544.52,1,142.14,7,1,1,1
700,1448608.9,5,11.71,17,1,0,0
701,1602442.4,13,422.03,7,1,0,0
702,164952.38,3,295.04,13,0,0,0
703,1016446.79,5,486.0,5,0,0,0
704,411899.88,18,577.2,17,0,1,1
705,199491.16,5,43.74,3,0,0,0
706,2969981.09,1,123.0,7,0,1,1
707,973838.0,17,558.64,17,0,0,0
708,2431524.59,12,343.17,7,1,0,0
709,771375.56,8,729.17,1,1,1,1
710,2047693.14,22,652.29,17,0,0,1
711,2283081.3,18,845.6,17,1,1,0
712,1790959.83,12,692.49,11,1,1,1
713,1420012.8,10,429.93,3,0,0,0
714,1241404.33,0,672.97,15,0,0,0
715,1053116.12,23,275.38,11,1,0,0
716,2789292.14,21,306.31,16,0,0,1
717,2493552.03,6,788.99,9,0,0,0
718,2895430.46,20,446.42,1,1,0,0
719,381648.7,14,798.38,16,0,1,1
720,2195293.75,0,822.42,9,1,1,1
721,2815637.97,11,857.56,19,1,0,1
722,551886.87,6,916.64,12,1,1,0
723,208823.84,14,430.99,19,1,1,0
724,2225950.74,20,318.87,9,1,0,1
725,1727674.61,18,582.2,7,0,0,0
726,2527068.04,0,371.17,14,0,1,1
727,427919.41,16,601.07,19,0,0,0
728,2387849.26,16,705.59,19,0,1,1
729,612865.69,2,688.41,2,1,0,1
730,499331.27,11,374.55,9,1,1,0
731,501154.74,5,166.86,13,0,1,0
732,2445578.41,10,430.53,15,1,1,0
733,1998939.69,2,142.59,3,0,1,1
734,1573965.62,7,890.1,11,0,0,1
735,1082903.15,13,345.88,14,0,0,1
736,2632829.62,13,154.46,8,1,1,1
737,1183410.87,9,25.45,18,1,1,1
738,2451632.32,1,645.82,19,1,0,1
739,1323013.38,13,636.9,16,1,0,0
740,1137063.84,8,340.6,2,0,1,0
741,1393412.56,2,71.71,8,1,1,1
742,911119.84,20,409.63,6,1,1,1
743,2245352.05,7,311.22,12,1,1,1
744,1513133.97,15,677.12,15,0,1,0
745,704315.96,1,605.78,8,0,0,0
746,2699727.97,5,364.59,4,1,1,1
747,1157834.75,20,217.89,15,1,0,0
748,1635223.05,11,988.04,17,1,0,1
749,2720351.61,4,454.0,13,1,0,0
750,1876471.61,1,688.27,18,0,1,1
751,359525.14,15,140.55,2,1,0,1
752,2820098.05,4,485.59,13,1,0,1
753,1886847.08,14,27.54,13,1,0,1
754,1011367.79,11,505.46,15,0,0,0
755,426423.5,3,964.02,10,0,1,1
756,2384135.32,14,384.21,3,1,1,0
757,1864017.54,10,39.0,19,1,0,0
758,1605048.67,15,30.96,3,1,0,0
759,2682738.82,22,387.99,14,1,1,1
760,2367905.66,5,160.02,8,1,1,0
761,463507.89,13,23.35,4,0,1,0
762,942048.98,17,756.21,11,0,0,0
763,752982.53,11,458.52,11,0,1,1
764,2234399.41,10,289.24,11,1,0,1
765,110261.98,12,900.08,2,0,0,0
766,1713970.16,20,116.14,17,0,1,1
767,2289751.47,22,955.92,9,0,0,0
768,2631529.25,10,313.97,2,1,1,1
769,1032824.43,22,888.4,15,1,0,1
770,2465559.34,15,602.94,16,0,1,1
771,340788.89,14,826.71,4,1,0,0
772,2540892.35,20,984.01,8,0,0,0
773,391191.1,14,288.41,9,0,1,0
774,1197889.0,3,961.14,5,0,1,0
775,2393913.14,10,389.48,16,0,1,1
776,458253.11,18,385.51,13,1,1,1
777,695461.67,14,340.39,7,1,0,0
778,2169535.18,3,541.41,17,1,1,1
779,2162909.24,20,154.15,3,1,1,0
780,1927031.42,12,553.71,5,0,0,0
781,2084905.85,21,541.7,19,1,1,1
782,1632746.09,18,761.9,12,0,1,1
783,762879.19,1,833.65,7,1,0,0
784,1043631.02,13,440.44,9,1,1,0
785,552977.17,3,302.33,6,1,1,1
786,2726267.18,15,259.33,17,0,1,1
787,1754341.47,20,194.62,16,0,1,1
788,1208545.74,19,57.65,3,0,1,0
789,1391397.35,13,342.45,4,0,1,0
790,2842377.19,14,270.25,10,1,0,0
791,468520.7,2,966.42,5,0,1,1
792,1762827.2,7,557.71,10,0,0,0
793,1522607.15,15,347.28,12,1,0,1
794,1838248.16,9,580.47,10,1,0,0
795,64149.45,3,139.2,13,0,0,0
796,2617650.49,17,444.04,11,1,1,1
797,2797033.66,1,626.23,16,0,1,1
798,1699748.22,16,488.9,8,1,1,1
799,2092985.96,12,401.78,8,0,0,0
800,2768273.15,3,993.85,8,0,1,1
801,2124643.52,10,880.31,13,0,1,1
802,466091.74,6,623.41,2,0,1,0
803,1733102.2,11,569.38,12,0,0,1
804,1824077.99,9,620.66,10,1,0,1
805,1278150.71,6,201.31,12,0,1,0
806,2211968.26,12,395.14,11,0,0,0
807,2803757.37,6,39.46,15,0,0,0
808,2777449.85,23,475.55,16,0,1,1
809,1358009.72,16,543.02,17,0,0,0
810,348581.76,9,227.75,2,1,0,0
811,2954675.18,9,964.03,18,1,1,0
812,2518305.28,23,909.45,12,0,0,0
813,382741.42,3,722.14,19,1,0,1
814,2763317.23,19,533.39,18,0,0,1
815,2610990.12,3,869.97,17,1,0,0
816,1561325.79,21,130.65,6,1,0,0
817,1777913.55,6,790.51,15,0,0,1
818,1203018.08,21,124.82,3,1,0,0
819,173737.3,0,794.21,6,1,0,1
820,1012239.75,11,275.77,3,0,1,0
821,2410531.81,23,877.09,1,0,1,0
822,23849.75,12,944.04,13,1,1,0
823,1007162.52,9,148.8,14,1,1,1
824,1200524.39,14,462.68,13,1,0,1
825,1616812.85,12,980.99,4,0,1,1
826,2760368.29,22,483.41,7,1,1,1
827,1045574.52,21,863.55,10,1,0,0
828,1047390.07,21,588.73,7,1,0,1
829,2215128.73,20,375.33,15,0,0,0
830,1362131.64,21,285.78,15,0,0,0
831,681568.42,8,203.22,4,0,0,0
832,1362794.15,8,761.8,6,0,1,0
833,431162.49,14,386.54,5,1,0,0
834,537397.09,9,511.28,12,0,1,0
835,1500119.64,23,492.33,1,1,1,1
836,1262587.09,9,577.28,8,1,0,1
837,2745389.24,7,865.58,1,1,1,1
838,1093557.76,23,980.74,5,1,1,1
839,1745959.17,15,407.58,6,0,0,0
840,1900470.22,16,827.52,3,0,1,1
841,49152.43,4,764.53,15,0,1,1
842,1993976.74,3,573.53,5,0,1,1
843,542327.54,17,956.05,14,0,0,0
844,2883600.25,23,200.47,18,1,0,0
845,454501.56,18,109.26,16,0,0,0
846,1249726.13,3,853.96,6,0,1,0
847,265195.51,6,439.15,14,0,0,0
848,2990654.01,9,846.97,8,0,1,1
849,1511563.08,17,893.09,7,1,0,0
850,1790201.2,18,62.46,8,1,1,1
851,210558.67,3,883.46,13,1,0,1
852,2252381.81,9,448.32,6,1,0,1
853,637617.72,0,510.43,18,1,1,1
854,2695182.33,22,626.59,2,0,0,0
855,623367.53,17,926.38,8,1,1,1
856,580156.28,4,19.12,11,1,0,1
857,119283.51,14,476.84,1,1,0,0
858,1421480.17,16,687.72,6,0,1,0
859,1698874.99,2,722.71,16,0,1,1
860,206468.83,11,692.53,12,1,1,0
861,2328827.57,1,134.44,11,0,0,1
862,1365333.62,0,299.4,10,0,1,0
863,1577926.91,22,358.72,3,1,0,0
864,1327880.61,20,804.44,13,0,1,1
865,1208281.55,16,278.76,3,0,1,0
866,1683324.59,21,210.7,15,0,1,1
867,474168.34,15,957.45,16,1,1,1
868,553965.11,4,8.86,13,1,1,1
869,2586739.01,14,997.82,17,1,1,1
870,2838885.23,2,676.82,3,0,0,0
871,1126194.86,6,828.47,11,1,1,1
872,819526.57,10,294.62,19,0,0,0
873,1935558.63,9,14.32,11,0,1,0
874,1232115.17,8,737.87,16,0,1,1
875,85905.2,13,834.14,3,1,1,1
876,476896.27,12,740.48,6,1,0,0
877,2150756.96,1,142.85,14,1,0,0
878,1980182.59,2,753.43,18,1,1,1
879,91017.02,6,768.92,17,0,0,0
880,673696.76,20,658.54,4,1,1,1
881,700913.64,17,766.12,15,0,1,0
882,2018959.3,2,845.92,11,1,0,1
883,68934.51,9,613.6,3,1,0,0
884,321284.66,21,88.6,3,1,0,0
885,2401749.1,6,487.63,16,0,0,1
886,543848.54,8,77.65,5,0,1,0
887,1961710.86,16,407.54,10,0,0,0
888,722166.52,10,407.11,19,0,0,0
889,307329.76,6,66.01,4,0,1,0
890,737084.85,23,348.82,19,1,0,1
891,2169578.13,13,111.0,11,0,0,0
892,2568532.44,18,808.24,2,0,0,0
893,2492357.4,3,947.69,10,0,0,0
894,1197578.75,5,72.32,11,0,1,0
895,2007574.56,9,955.12,16,1,1,1
896,622903.04,6,522.58,19,0,0,0
897,886511.71,12,299.57,11,1,0,1
898,2690044.1,13,76.86,14,1,1,1
899,48875.75,3,500.62,2,1,0,0
900,265670.51,7,794.52,5,0,0,0
901,631579.9,4,707.09,5,1,0,1
902,89331.29,0,50.23,19,0,0,0
903,552491.95,3,72.9,12,0,0,0
904,1753294.27,2,402.87,18,0,0,1
905,1270059.41,8,295.29,4,0,0,0
906,2679088.42,7,232.38,17,0,0,0
907,2454156.25,0,281.0,10,1,0,1
908,1032033.88,5,803.48,6,1,1,0
909,785676.07,8,929.23,14,0,1,1
910,1145280.3,6,405.1,11,1,1,0
911,1774981.88,3,906.11,11,0,0,1
912,811510.29,12,321.5,18,1,0,1
913,1876205.23,16,476.44,18,1,1,1
914,1234140.84,1,226.03,11,1,0,0
915,1660621.07,4,640.48,12,1,1,1
916,1314018.32,11,978.98,5,1,0,0
917,890452.62,20,603.49,9,0,1,0
918,2845875.39,7,357.81,9,0,1,1
919,2293181.32,5,647.82,10,1,1,1
920,428938.4,7,122.92,19,0,0,0
921,2606719.25,17,888.66,1,1,1,1
922,1467419.28,2,503.08,7,0,0,0
923,2684711.16,21,449.35,4,1,0,1
924,2401567.22,11,585.86,1,1,0,1
925,1281388.38,2,624.78,15,1,0,0
926,77183.23,21,71.78,8,0,0,0
927,813345.3,5,682.62,12,0,0,0
928,1629486.3,1,241.93,18,1,0,1
929,1904099.88,22,713.95,15,1,1,0
930,781084.18,11,822.53,17,0,1,0
931,426674.66,1,803.96,14,0,1,0
932,2506441.41,5,552.5,14,0,0,1
933,2953362.52,16,520.17,18,0,0,1
934,1581813.65,2,142.88,18,0,0,1
935,523321.06,1,775.35,16,1,0,1
936,824198.91,22,271.41,1,0,1,0
937,64988.12,19,496.7,11,1,0,0
938,2743753.43,7,284.27,15,1,1,0
939,362075.74,21,133.83,12,0,0,0
940,1733784.26,11,629.56,8,0,1,1
941,829425.11,3,54.33,6,1,0,0
942,1666992.23,4,748.65,3,0,1,1
943,1957746.96,12,317.59,13,1,0,1
944,2490927.99,14,0.13,13,0,1,0
945,627199.6,22,511.13,2,0,0,0
946,42877.53,15,46.85,5,0,1,0
947,419288.03,9,276.17,17,1,1,1
948,2701055.74,22,706.98,6,0,0,0
949,2622931.33,15,62.69,2,1,1,0
950,1796265.18,11,839.34,4,0,0,0
951,1805545.41,16,3.82,11,1,0,0
952,1998459.66,15,246.82,8,0,0,0
953,534360.12,11,740.9,12,1,1,1
954,2744091.72,7,316.27,8,1,1,0
955,1262123.87,19,101.89,11,1,0,0
956,1155584.2,2,360.23,8,1,0,0
957,1561563.94,15,270.39,8,1,1,1
958,150428.24,12,842.71,17,1,1,0
959,507187.27,22,313.35,16,0,1,1
960,2216720.51,18,788.93,14,1,0,0
961,257568.02,7,891.87,11,1,0,1
962,1813424.81,21,433.82,7,1,0,0
963,743593.84,4,909.94,16,0,0,1
964,1173993.89,19,377.32,13,0,0,0
965,873194.27,7,964.08,15,0,1,1
966,1073461.42,23,89.29,16,1,0,0
967,2159947.26,11,687.02,9,0,1,1
968,898393.93,0,493.81,3,0,1,0
969,1703549.87,20,387.65,19,1,0,1
970,1433390.7,19,632.71,5,1,1,1
971,1994376.78,5,703.86,10,0,0,0
972,2811120.92,21,4.36,17,1,1,1
973,2200390.57,17,166.95,15,1,0,1
974,652671.73,7,713.05,8,1,0,0
975,103237.57,6,666.39,15,1,1,1
976,794169.49,0,966.05,14,0,0,1
977,1789283.01,20,761.04,7,1,1,1
978,163763.18,15,950.77,12,0,0,0
979,1494135.08,11,702.54,17,0,0,0
980,1794560.12,5,298.05,17,0,0,0
981,1009389.23,19,105.36,10,0,1,0
982,2315027.49,1,781.82,19,1,1,0
983,328728.78,13,644.15,14,1,0,0
984,234661.97,3,48.19,11,1,1,0
985,2187284.38,0,360.05,2,0,0,1
986,1491519.04,22,956.8,18,0,1,0
987,2068323.17,17,500.4,7,0,1,0
988,1310133.74,12,432.73,12,1,0,0
989,746742.08,1,457.7,2,0,0,0
990,2459115.93,8,208.88,18,1,0,1
991,2400253.48,20,368.71,6,1,0,0
992,2087142.45,1,369.81,10,1,0,1
993,823713.96,8,52.36,15,1,1,1
994,1774789.69,0,767.57,5,0,1,1
995,1089311.95,10,416.5,3,1,0,0
996,283830.4,2,822.18,5,0,0,0
997,2752767.59,19,850.35,8,1,0,1
998,419087.71,22,211.99,8,0,1,0
999,2851209.69,3,657.35,8,0,0,1
1000,1343557.26,17,472.28,12,1,0,1
